{
  "f1_score": 0.1696361355081556,
  "recall_score": 0.3971797884841363,
  "precision_score": 0.10784939374601149,
  "accuracy_score": 0.567281286779129
}